[
{
  "fields": {
    "model": "logentry",
    "name": "log entry",
    "app_label": "admin"
  },
  "model": "contenttypes.contenttype",
  "pk": 1
},
{
  "fields": {
    "model": "permission",
    "name": "permission",
    "app_label": "auth"
  },
  "model": "contenttypes.contenttype",
  "pk": 2
},
{
  "fields": {
    "model": "group",
    "name": "group",
    "app_label": "auth"
  },
  "model": "contenttypes.contenttype",
  "pk": 3
},
{
  "fields": {
    "model": "contenttype",
    "name": "content type",
    "app_label": "contenttypes"
  },
  "model": "contenttypes.contenttype",
  "pk": 4
},
{
  "fields": {
    "model": "session",
    "name": "session",
    "app_label": "sessions"
  },
  "model": "contenttypes.contenttype",
  "pk": 5
},
{
  "fields": {
    "model": "emailuser",
    "name": "user",
    "app_label": "custom_user"
  },
  "model": "contenttypes.contenttype",
  "pk": 6
},
{
  "fields": {
    "model": "account",
    "name": "account",
    "app_label": "account"
  },
  "model": "contenttypes.contenttype",
  "pk": 7
},
{
  "fields": {
    "model": "signupcode",
    "name": "signup code",
    "app_label": "account"
  },
  "model": "contenttypes.contenttype",
  "pk": 8
},
{
  "fields": {
    "model": "signupcoderesult",
    "name": "signup code result",
    "app_label": "account"
  },
  "model": "contenttypes.contenttype",
  "pk": 9
},
{
  "fields": {
    "model": "emailaddress",
    "name": "email address",
    "app_label": "account"
  },
  "model": "contenttypes.contenttype",
  "pk": 10
},
{
  "fields": {
    "model": "emailconfirmation",
    "name": "email confirmation",
    "app_label": "account"
  },
  "model": "contenttypes.contenttype",
  "pk": 11
},
{
  "fields": {
    "model": "accountdeletion",
    "name": "account deletion",
    "app_label": "account"
  },
  "model": "contenttypes.contenttype",
  "pk": 12
},
{
  "fields": {
    "model": "newsarticle",
    "name": "News Article",
    "app_label": "pgameapp"
  },
  "model": "contenttypes.contenttype",
  "pk": 13
},
{
  "fields": {
    "model": "question",
    "name": "question",
    "app_label": "pgameapp"
  },
  "model": "contenttypes.contenttype",
  "pk": 14
},
{
  "fields": {
    "model": "choice",
    "name": "choice",
    "app_label": "pgameapp"
  },
  "model": "contenttypes.contenttype",
  "pk": 15
},
{
  "fields": {
    "model": "manualgamestats",
    "name": "manual game stats",
    "app_label": "pgameapp"
  },
  "model": "contenttypes.contenttype",
  "pk": 16
},
{
  "fields": {
    "model": "userprofile",
    "name": "UserProfile",
    "app_label": "pgameapp"
  },
  "model": "contenttypes.contenttype",
  "pk": 17
},
{
  "fields": {
    "model": "useractorownership",
    "name": "user actor ownership",
    "app_label": "pgameapp"
  },
  "model": "contenttypes.contenttype",
  "pk": 18
},
{
  "fields": {
    "model": "actor",
    "name": "actor",
    "app_label": "pgameapp"
  },
  "model": "contenttypes.contenttype",
  "pk": 19
},
{
  "fields": {
    "model": "actorprocurementhistory",
    "name": "actor procurement history",
    "app_label": "pgameapp"
  },
  "model": "contenttypes.contenttype",
  "pk": 20
},
{
  "fields": {
    "model": "coinconversionhistory",
    "name": "coin conversion history",
    "app_label": "pgameapp"
  },
  "model": "contenttypes.contenttype",
  "pk": 21
},
{
  "fields": {
    "model": "deposithistory",
    "name": "deposit history",
    "app_label": "pgameapp"
  },
  "model": "contenttypes.contenttype",
  "pk": 22
},
{
  "fields": {
    "model": "withdrawalhistory",
    "name": "withdrawal history",
    "app_label": "pgameapp"
  },
  "model": "contenttypes.contenttype",
  "pk": 23
},
{
  "fields": {
    "model": "gameconfiguration",
    "name": "Game Configuration",
    "app_label": "pgameapp"
  },
  "model": "contenttypes.contenttype",
  "pk": 24
},
{
  "fields": {
    "expire_date": "2015-04-06T12:36:14.734Z",
    "session_data": "YTM1ZDljMmFhODUxYmZlZjM2YTU3ZDM4MzA2ZjNlYzdhNDY2MDc1Zjp7Il9zZXNzaW9uX2V4cGlyeSI6MCwiX2F1dGhfdXNlcl9oYXNoIjoiZmJhYTE4NTJlZTU2YzBlOWFhYzgwZGNkNGQ4MThmOWY2ZGYyNzAxYSIsIl9hdXRoX3VzZXJfYmFja2VuZCI6ImRqYW5nby5jb250cmliLmF1dGguYmFja2VuZHMuTW9kZWxCYWNrZW5kIiwiX2F1dGhfdXNlcl9pZCI6MX0="
  },
  "model": "sessions.session",
  "pk": "qiirqi0lcecn6xg0f6jdwti8wfngznut"
},
{
  "fields": {
    "first_deposit_bonus_percent": 0.0,
    "min_withdrawal_amount": 0.0,
    "coin_to_gc_rate": 100.0,
    "affiliate_deposit_percent": 0.0,
    "game_currency": "shitz",
    "coin_collect_time": 1,
    "min_coins_to_sell": 100.0,
    "min_withdrawal_deposit_amount": 0.0,
    "investment_balance_percent_on_sale": 70,
    "w_to_i_conversion_bonus_percent": 99
  },
  "model": "pgameapp.gameconfiguration",
  "pk": 1
},
{
  "fields": {
    "cash_total_paid": null,
    "cash_reserve": null,
    "users_total": null,
    "project_duration_days": null,
    "users_new_last_24": null
  },
  "model": "pgameapp.manualgamestats",
  "pk": 1
},
{
  "fields": {
    "codename": "add_logentry",
    "name": "Can add log entry",
    "content_type": 1
  },
  "model": "auth.permission",
  "pk": 1
},
{
  "fields": {
    "codename": "change_logentry",
    "name": "Can change log entry",
    "content_type": 1
  },
  "model": "auth.permission",
  "pk": 2
},
{
  "fields": {
    "codename": "delete_logentry",
    "name": "Can delete log entry",
    "content_type": 1
  },
  "model": "auth.permission",
  "pk": 3
},
{
  "fields": {
    "codename": "add_permission",
    "name": "Can add permission",
    "content_type": 2
  },
  "model": "auth.permission",
  "pk": 4
},
{
  "fields": {
    "codename": "change_permission",
    "name": "Can change permission",
    "content_type": 2
  },
  "model": "auth.permission",
  "pk": 5
},
{
  "fields": {
    "codename": "delete_permission",
    "name": "Can delete permission",
    "content_type": 2
  },
  "model": "auth.permission",
  "pk": 6
},
{
  "fields": {
    "codename": "add_group",
    "name": "Can add group",
    "content_type": 3
  },
  "model": "auth.permission",
  "pk": 7
},
{
  "fields": {
    "codename": "change_group",
    "name": "Can change group",
    "content_type": 3
  },
  "model": "auth.permission",
  "pk": 8
},
{
  "fields": {
    "codename": "delete_group",
    "name": "Can delete group",
    "content_type": 3
  },
  "model": "auth.permission",
  "pk": 9
},
{
  "fields": {
    "codename": "add_contenttype",
    "name": "Can add content type",
    "content_type": 4
  },
  "model": "auth.permission",
  "pk": 10
},
{
  "fields": {
    "codename": "change_contenttype",
    "name": "Can change content type",
    "content_type": 4
  },
  "model": "auth.permission",
  "pk": 11
},
{
  "fields": {
    "codename": "delete_contenttype",
    "name": "Can delete content type",
    "content_type": 4
  },
  "model": "auth.permission",
  "pk": 12
},
{
  "fields": {
    "codename": "add_session",
    "name": "Can add session",
    "content_type": 5
  },
  "model": "auth.permission",
  "pk": 13
},
{
  "fields": {
    "codename": "change_session",
    "name": "Can change session",
    "content_type": 5
  },
  "model": "auth.permission",
  "pk": 14
},
{
  "fields": {
    "codename": "delete_session",
    "name": "Can delete session",
    "content_type": 5
  },
  "model": "auth.permission",
  "pk": 15
},
{
  "fields": {
    "codename": "add_emailuser",
    "name": "Can add user",
    "content_type": 6
  },
  "model": "auth.permission",
  "pk": 16
},
{
  "fields": {
    "codename": "change_emailuser",
    "name": "Can change user",
    "content_type": 6
  },
  "model": "auth.permission",
  "pk": 17
},
{
  "fields": {
    "codename": "delete_emailuser",
    "name": "Can delete user",
    "content_type": 6
  },
  "model": "auth.permission",
  "pk": 18
},
{
  "fields": {
    "codename": "add_account",
    "name": "Can add account",
    "content_type": 7
  },
  "model": "auth.permission",
  "pk": 19
},
{
  "fields": {
    "codename": "change_account",
    "name": "Can change account",
    "content_type": 7
  },
  "model": "auth.permission",
  "pk": 20
},
{
  "fields": {
    "codename": "delete_account",
    "name": "Can delete account",
    "content_type": 7
  },
  "model": "auth.permission",
  "pk": 21
},
{
  "fields": {
    "codename": "add_signupcode",
    "name": "Can add signup code",
    "content_type": 8
  },
  "model": "auth.permission",
  "pk": 22
},
{
  "fields": {
    "codename": "change_signupcode",
    "name": "Can change signup code",
    "content_type": 8
  },
  "model": "auth.permission",
  "pk": 23
},
{
  "fields": {
    "codename": "delete_signupcode",
    "name": "Can delete signup code",
    "content_type": 8
  },
  "model": "auth.permission",
  "pk": 24
},
{
  "fields": {
    "codename": "add_signupcoderesult",
    "name": "Can add signup code result",
    "content_type": 9
  },
  "model": "auth.permission",
  "pk": 25
},
{
  "fields": {
    "codename": "change_signupcoderesult",
    "name": "Can change signup code result",
    "content_type": 9
  },
  "model": "auth.permission",
  "pk": 26
},
{
  "fields": {
    "codename": "delete_signupcoderesult",
    "name": "Can delete signup code result",
    "content_type": 9
  },
  "model": "auth.permission",
  "pk": 27
},
{
  "fields": {
    "codename": "add_emailaddress",
    "name": "Can add email address",
    "content_type": 10
  },
  "model": "auth.permission",
  "pk": 28
},
{
  "fields": {
    "codename": "change_emailaddress",
    "name": "Can change email address",
    "content_type": 10
  },
  "model": "auth.permission",
  "pk": 29
},
{
  "fields": {
    "codename": "delete_emailaddress",
    "name": "Can delete email address",
    "content_type": 10
  },
  "model": "auth.permission",
  "pk": 30
},
{
  "fields": {
    "codename": "add_emailconfirmation",
    "name": "Can add email confirmation",
    "content_type": 11
  },
  "model": "auth.permission",
  "pk": 31
},
{
  "fields": {
    "codename": "change_emailconfirmation",
    "name": "Can change email confirmation",
    "content_type": 11
  },
  "model": "auth.permission",
  "pk": 32
},
{
  "fields": {
    "codename": "delete_emailconfirmation",
    "name": "Can delete email confirmation",
    "content_type": 11
  },
  "model": "auth.permission",
  "pk": 33
},
{
  "fields": {
    "codename": "add_accountdeletion",
    "name": "Can add account deletion",
    "content_type": 12
  },
  "model": "auth.permission",
  "pk": 34
},
{
  "fields": {
    "codename": "change_accountdeletion",
    "name": "Can change account deletion",
    "content_type": 12
  },
  "model": "auth.permission",
  "pk": 35
},
{
  "fields": {
    "codename": "delete_accountdeletion",
    "name": "Can delete account deletion",
    "content_type": 12
  },
  "model": "auth.permission",
  "pk": 36
},
{
  "fields": {
    "codename": "add_newsarticle",
    "name": "Can add News Article",
    "content_type": 13
  },
  "model": "auth.permission",
  "pk": 37
},
{
  "fields": {
    "codename": "change_newsarticle",
    "name": "Can change News Article",
    "content_type": 13
  },
  "model": "auth.permission",
  "pk": 38
},
{
  "fields": {
    "codename": "delete_newsarticle",
    "name": "Can delete News Article",
    "content_type": 13
  },
  "model": "auth.permission",
  "pk": 39
},
{
  "fields": {
    "codename": "add_question",
    "name": "Can add question",
    "content_type": 14
  },
  "model": "auth.permission",
  "pk": 40
},
{
  "fields": {
    "codename": "change_question",
    "name": "Can change question",
    "content_type": 14
  },
  "model": "auth.permission",
  "pk": 41
},
{
  "fields": {
    "codename": "delete_question",
    "name": "Can delete question",
    "content_type": 14
  },
  "model": "auth.permission",
  "pk": 42
},
{
  "fields": {
    "codename": "add_choice",
    "name": "Can add choice",
    "content_type": 15
  },
  "model": "auth.permission",
  "pk": 43
},
{
  "fields": {
    "codename": "change_choice",
    "name": "Can change choice",
    "content_type": 15
  },
  "model": "auth.permission",
  "pk": 44
},
{
  "fields": {
    "codename": "delete_choice",
    "name": "Can delete choice",
    "content_type": 15
  },
  "model": "auth.permission",
  "pk": 45
},
{
  "fields": {
    "codename": "add_manualgamestats",
    "name": "Can add manual game stats",
    "content_type": 16
  },
  "model": "auth.permission",
  "pk": 46
},
{
  "fields": {
    "codename": "change_manualgamestats",
    "name": "Can change manual game stats",
    "content_type": 16
  },
  "model": "auth.permission",
  "pk": 47
},
{
  "fields": {
    "codename": "delete_manualgamestats",
    "name": "Can delete manual game stats",
    "content_type": 16
  },
  "model": "auth.permission",
  "pk": 48
},
{
  "fields": {
    "codename": "add_userprofile",
    "name": "Can add UserProfile",
    "content_type": 17
  },
  "model": "auth.permission",
  "pk": 49
},
{
  "fields": {
    "codename": "change_userprofile",
    "name": "Can change UserProfile",
    "content_type": 17
  },
  "model": "auth.permission",
  "pk": 50
},
{
  "fields": {
    "codename": "delete_userprofile",
    "name": "Can delete UserProfile",
    "content_type": 17
  },
  "model": "auth.permission",
  "pk": 51
},
{
  "fields": {
    "codename": "add_useractorownership",
    "name": "Can add user actor ownership",
    "content_type": 18
  },
  "model": "auth.permission",
  "pk": 52
},
{
  "fields": {
    "codename": "change_useractorownership",
    "name": "Can change user actor ownership",
    "content_type": 18
  },
  "model": "auth.permission",
  "pk": 53
},
{
  "fields": {
    "codename": "delete_useractorownership",
    "name": "Can delete user actor ownership",
    "content_type": 18
  },
  "model": "auth.permission",
  "pk": 54
},
{
  "fields": {
    "codename": "add_actor",
    "name": "Can add actor",
    "content_type": 19
  },
  "model": "auth.permission",
  "pk": 55
},
{
  "fields": {
    "codename": "change_actor",
    "name": "Can change actor",
    "content_type": 19
  },
  "model": "auth.permission",
  "pk": 56
},
{
  "fields": {
    "codename": "delete_actor",
    "name": "Can delete actor",
    "content_type": 19
  },
  "model": "auth.permission",
  "pk": 57
},
{
  "fields": {
    "codename": "add_actorprocurementhistory",
    "name": "Can add actor procurement history",
    "content_type": 20
  },
  "model": "auth.permission",
  "pk": 58
},
{
  "fields": {
    "codename": "change_actorprocurementhistory",
    "name": "Can change actor procurement history",
    "content_type": 20
  },
  "model": "auth.permission",
  "pk": 59
},
{
  "fields": {
    "codename": "delete_actorprocurementhistory",
    "name": "Can delete actor procurement history",
    "content_type": 20
  },
  "model": "auth.permission",
  "pk": 60
},
{
  "fields": {
    "codename": "add_coinconversionhistory",
    "name": "Can add coin conversion history",
    "content_type": 21
  },
  "model": "auth.permission",
  "pk": 61
},
{
  "fields": {
    "codename": "change_coinconversionhistory",
    "name": "Can change coin conversion history",
    "content_type": 21
  },
  "model": "auth.permission",
  "pk": 62
},
{
  "fields": {
    "codename": "delete_coinconversionhistory",
    "name": "Can delete coin conversion history",
    "content_type": 21
  },
  "model": "auth.permission",
  "pk": 63
},
{
  "fields": {
    "codename": "add_deposithistory",
    "name": "Can add deposit history",
    "content_type": 22
  },
  "model": "auth.permission",
  "pk": 64
},
{
  "fields": {
    "codename": "change_deposithistory",
    "name": "Can change deposit history",
    "content_type": 22
  },
  "model": "auth.permission",
  "pk": 65
},
{
  "fields": {
    "codename": "delete_deposithistory",
    "name": "Can delete deposit history",
    "content_type": 22
  },
  "model": "auth.permission",
  "pk": 66
},
{
  "fields": {
    "codename": "add_withdrawalhistory",
    "name": "Can add withdrawal history",
    "content_type": 23
  },
  "model": "auth.permission",
  "pk": 67
},
{
  "fields": {
    "codename": "change_withdrawalhistory",
    "name": "Can change withdrawal history",
    "content_type": 23
  },
  "model": "auth.permission",
  "pk": 68
},
{
  "fields": {
    "codename": "delete_withdrawalhistory",
    "name": "Can delete withdrawal history",
    "content_type": 23
  },
  "model": "auth.permission",
  "pk": 69
},
{
  "fields": {
    "codename": "add_gameconfiguration",
    "name": "Can add Game Configuration",
    "content_type": 24
  },
  "model": "auth.permission",
  "pk": 70
},
{
  "fields": {
    "codename": "change_gameconfiguration",
    "name": "Can change Game Configuration",
    "content_type": 24
  },
  "model": "auth.permission",
  "pk": 71
},
{
  "fields": {
    "codename": "delete_gameconfiguration",
    "name": "Can delete Game Configuration",
    "content_type": 24
  },
  "model": "auth.permission",
  "pk": 72
},
{
  "fields": {
    "is_active": true,
    "is_superuser": true,
    "is_staff": true,
    "last_login": "2015-03-23T12:36:14.715Z",
    "groups": [],
    "user_permissions": [],
    "password": "pbkdf2_sha256$15000$464WxRnta6On$mazdRAn+9I6iO7FYFeHFnngaQ1CfIUWXDWBmd5OOIiw=",
    "email": "admin@admin.com",
    "date_joined": "2015-03-21T12:10:05.950Z"
  },
  "model": "custom_user.emailuser",
  "pk": 1
},
{
  "fields": {
    "is_active": true,
    "is_superuser": false,
    "is_staff": false,
    "last_login": "2015-03-23T00:19:31.292Z",
    "groups": [],
    "user_permissions": [],
    "password": "pbkdf2_sha256$15000$QZ8pvOuZC5sr$NqfQI0/I5uVU3wlQej4eATxwk5X74Gpjh3w8eF+6/N8=",
    "email": "teodor.yantchev@gmail.com",
    "date_joined": "2015-03-23T00:19:31.293Z"
  },
  "model": "custom_user.emailuser",
  "pk": 20
},
{
  "fields": {
    "timezone": "",
    "user": 1,
    "language": "en-us"
  },
  "model": "account.account",
  "pk": 1
},
{
  "fields": {
    "timezone": "",
    "user": 20,
    "language": "en"
  },
  "model": "account.account",
  "pk": 20
},
{
  "fields": {
    "verified": false,
    "user": 1,
    "primary": true,
    "email": "admin@admin.com"
  },
  "model": "account.emailaddress",
  "pk": 1
},
{
  "fields": {
    "verified": false,
    "user": 20,
    "primary": true,
    "email": "teodor.yantchev@gmail.com"
  },
  "model": "account.emailaddress",
  "pk": 20
},
{
  "fields": {
    "balance_i": 370165.25,
    "last_coin_collection_time": "2015-03-23T20:23:10.001Z",
    "pin": "",
    "referrer": null,
    "balance_coins": 243600.0,
    "crypto_address": "",
    "referral_id": "123",
    "balance_w": 0.6000000000058208
  },
  "model": "pgameapp.userprofile",
  "pk": 1
},
{
  "fields": {
    "balance_i": 0.0,
    "last_coin_collection_time": "2015-03-23T00:19:53.971Z",
    "pin": "iWdiUX",
    "referrer": null,
    "balance_coins": 0.0,
    "crypto_address": "",
    "referral_id": "FQFphlt6Xw1C",
    "balance_w": 0.0
  },
  "model": "pgameapp.userprofile",
  "pk": 20
},
{
  "fields": {
    "num_actors": 22,
    "user": 1,
    "actor": 1
  },
  "model": "pgameapp.useractorownership",
  "pk": 6
},
{
  "fields": {
    "num_actors": 16,
    "user": 1,
    "actor": 2
  },
  "model": "pgameapp.useractorownership",
  "pk": 7
},
{
  "fields": {
    "num_actors": 18,
    "user": 1,
    "actor": 3
  },
  "model": "pgameapp.useractorownership",
  "pk": 8
},
{
  "fields": {
    "num_actors": 15,
    "user": 1,
    "actor": 5
  },
  "model": "pgameapp.useractorownership",
  "pk": 10
},
{
  "fields": {
    "num_actors": 1,
    "user": 20,
    "actor": 1
  },
  "model": "pgameapp.useractorownership",
  "pk": 16
},
{
  "fields": {
    "num_actors": 10,
    "user": 20,
    "actor": 2
  },
  "model": "pgameapp.useractorownership",
  "pk": 17
},
{
  "fields": {
    "num_actors": 15,
    "user": 20,
    "actor": 3
  },
  "model": "pgameapp.useractorownership",
  "pk": 18
},
{
  "fields": {
    "num_actors": 20,
    "user": 20,
    "actor": 5
  },
  "model": "pgameapp.useractorownership",
  "pk": 19
},
{
  "fields": {
    "num_actors": 0,
    "user": 20,
    "actor": 4
  },
  "model": "pgameapp.useractorownership",
  "pk": 20
},
{
  "fields": {
    "num_actors": 5,
    "user": 1,
    "actor": 4
  },
  "model": "pgameapp.useractorownership",
  "pk": 21
},
{
  "fields": {
    "output": 100.0,
    "price": 100.0,
    "is_active": true,
    "name": "Cat 1",
    "image_path": "actors/1_small.png"
  },
  "model": "pgameapp.actor",
  "pk": 1
},
{
  "fields": {
    "output": 200.0,
    "price": 200.0,
    "is_active": true,
    "name": "Cat 2",
    "image_path": "actors/2_small.png"
  },
  "model": "pgameapp.actor",
  "pk": 2
},
{
  "fields": {
    "output": 300.0,
    "price": 300.0,
    "is_active": true,
    "name": "Cat 3",
    "image_path": "actors/3_small.png"
  },
  "model": "pgameapp.actor",
  "pk": 3
},
{
  "fields": {
    "output": 400.0,
    "price": 400.0,
    "is_active": true,
    "name": "Cat 4",
    "image_path": "actors/4_small.png"
  },
  "model": "pgameapp.actor",
  "pk": 4
},
{
  "fields": {
    "output": 500.0,
    "price": 500.0,
    "is_active": true,
    "name": "Cat 5 hui",
    "image_path": "actors/5_small.png"
  },
  "model": "pgameapp.actor",
  "pk": 5
},
{
  "fields": {
    "timestamp": "2015-03-21T13:04:00.652Z",
    "price": 100.0,
    "user": 1,
    "actor": 1
  },
  "model": "pgameapp.actorprocurementhistory",
  "pk": 87
},
{
  "fields": {
    "timestamp": "2015-03-21T13:04:01.937Z",
    "price": 200.0,
    "user": 1,
    "actor": 2
  },
  "model": "pgameapp.actorprocurementhistory",
  "pk": 88
},
{
  "fields": {
    "timestamp": "2015-03-21T13:04:03.200Z",
    "price": 300.0,
    "user": 1,
    "actor": 3
  },
  "model": "pgameapp.actorprocurementhistory",
  "pk": 89
},
{
  "fields": {
    "timestamp": "2015-03-21T13:04:04.232Z",
    "price": 400.0,
    "user": 1,
    "actor": 4
  },
  "model": "pgameapp.actorprocurementhistory",
  "pk": 90
},
{
  "fields": {
    "timestamp": "2015-03-21T13:04:05.249Z",
    "price": 500.0,
    "user": 1,
    "actor": 5
  },
  "model": "pgameapp.actorprocurementhistory",
  "pk": 91
},
{
  "fields": {
    "timestamp": "2015-03-21T13:04:09.929Z",
    "price": 100.0,
    "user": 1,
    "actor": 1
  },
  "model": "pgameapp.actorprocurementhistory",
  "pk": 92
},
{
  "fields": {
    "timestamp": "2015-03-21T13:04:11.051Z",
    "price": 300.0,
    "user": 1,
    "actor": 3
  },
  "model": "pgameapp.actorprocurementhistory",
  "pk": 93
},
{
  "fields": {
    "timestamp": "2015-03-21T13:04:11.745Z",
    "price": 400.0,
    "user": 1,
    "actor": 4
  },
  "model": "pgameapp.actorprocurementhistory",
  "pk": 94
},
{
  "fields": {
    "timestamp": "2015-03-21T13:04:12.420Z",
    "price": 500.0,
    "user": 1,
    "actor": 5
  },
  "model": "pgameapp.actorprocurementhistory",
  "pk": 95
},
{
  "fields": {
    "timestamp": "2015-03-21T13:04:14.902Z",
    "price": 200.0,
    "user": 1,
    "actor": 2
  },
  "model": "pgameapp.actorprocurementhistory",
  "pk": 96
},
{
  "fields": {
    "timestamp": "2015-03-21T13:04:16.639Z",
    "price": 100.0,
    "user": 1,
    "actor": 1
  },
  "model": "pgameapp.actorprocurementhistory",
  "pk": 97
},
{
  "fields": {
    "timestamp": "2015-03-21T13:04:17.898Z",
    "price": 200.0,
    "user": 1,
    "actor": 2
  },
  "model": "pgameapp.actorprocurementhistory",
  "pk": 98
},
{
  "fields": {
    "timestamp": "2015-03-21T13:04:19.210Z",
    "price": 300.0,
    "user": 1,
    "actor": 3
  },
  "model": "pgameapp.actorprocurementhistory",
  "pk": 99
},
{
  "fields": {
    "timestamp": "2015-03-21T13:04:20.255Z",
    "price": 400.0,
    "user": 1,
    "actor": 4
  },
  "model": "pgameapp.actorprocurementhistory",
  "pk": 100
},
{
  "fields": {
    "timestamp": "2015-03-21T13:04:21.525Z",
    "price": 500.0,
    "user": 1,
    "actor": 5
  },
  "model": "pgameapp.actorprocurementhistory",
  "pk": 101
},
{
  "fields": {
    "timestamp": "2015-03-21T13:04:40.199Z",
    "price": 100.0,
    "user": 1,
    "actor": 1
  },
  "model": "pgameapp.actorprocurementhistory",
  "pk": 102
},
{
  "fields": {
    "timestamp": "2015-03-21T13:04:41.939Z",
    "price": 200.0,
    "user": 1,
    "actor": 2
  },
  "model": "pgameapp.actorprocurementhistory",
  "pk": 103
},
{
  "fields": {
    "timestamp": "2015-03-21T13:04:43.310Z",
    "price": 300.0,
    "user": 1,
    "actor": 3
  },
  "model": "pgameapp.actorprocurementhistory",
  "pk": 104
},
{
  "fields": {
    "timestamp": "2015-03-21T13:04:44.680Z",
    "price": 400.0,
    "user": 1,
    "actor": 4
  },
  "model": "pgameapp.actorprocurementhistory",
  "pk": 105
},
{
  "fields": {
    "timestamp": "2015-03-21T13:04:45.891Z",
    "price": 500.0,
    "user": 1,
    "actor": 5
  },
  "model": "pgameapp.actorprocurementhistory",
  "pk": 106
},
{
  "fields": {
    "timestamp": "2015-03-21T13:04:47.321Z",
    "price": 500.0,
    "user": 1,
    "actor": 5
  },
  "model": "pgameapp.actorprocurementhistory",
  "pk": 107
},
{
  "fields": {
    "timestamp": "2015-03-21T13:04:48.419Z",
    "price": 400.0,
    "user": 1,
    "actor": 4
  },
  "model": "pgameapp.actorprocurementhistory",
  "pk": 108
},
{
  "fields": {
    "timestamp": "2015-03-21T13:04:49.657Z",
    "price": 300.0,
    "user": 1,
    "actor": 3
  },
  "model": "pgameapp.actorprocurementhistory",
  "pk": 109
},
{
  "fields": {
    "timestamp": "2015-03-21T13:04:50.763Z",
    "price": 200.0,
    "user": 1,
    "actor": 2
  },
  "model": "pgameapp.actorprocurementhistory",
  "pk": 110
},
{
  "fields": {
    "timestamp": "2015-03-21T13:04:51.982Z",
    "price": 100.0,
    "user": 1,
    "actor": 1
  },
  "model": "pgameapp.actorprocurementhistory",
  "pk": 111
},
{
  "fields": {
    "timestamp": "2015-03-21T13:04:53.379Z",
    "price": 100.0,
    "user": 1,
    "actor": 1
  },
  "model": "pgameapp.actorprocurementhistory",
  "pk": 112
},
{
  "fields": {
    "timestamp": "2015-03-21T13:04:55.215Z",
    "price": 200.0,
    "user": 1,
    "actor": 2
  },
  "model": "pgameapp.actorprocurementhistory",
  "pk": 113
},
{
  "fields": {
    "timestamp": "2015-03-21T13:04:56.611Z",
    "price": 300.0,
    "user": 1,
    "actor": 3
  },
  "model": "pgameapp.actorprocurementhistory",
  "pk": 114
},
{
  "fields": {
    "timestamp": "2015-03-21T13:04:57.804Z",
    "price": 400.0,
    "user": 1,
    "actor": 4
  },
  "model": "pgameapp.actorprocurementhistory",
  "pk": 115
},
{
  "fields": {
    "timestamp": "2015-03-21T13:04:58.743Z",
    "price": 500.0,
    "user": 1,
    "actor": 5
  },
  "model": "pgameapp.actorprocurementhistory",
  "pk": 116
},
{
  "fields": {
    "timestamp": "2015-03-21T13:05:06.059Z",
    "price": 100.0,
    "user": 1,
    "actor": 1
  },
  "model": "pgameapp.actorprocurementhistory",
  "pk": 117
},
{
  "fields": {
    "timestamp": "2015-03-21T13:05:07.317Z",
    "price": 200.0,
    "user": 1,
    "actor": 2
  },
  "model": "pgameapp.actorprocurementhistory",
  "pk": 118
},
{
  "fields": {
    "timestamp": "2015-03-21T13:05:08.552Z",
    "price": 300.0,
    "user": 1,
    "actor": 3
  },
  "model": "pgameapp.actorprocurementhistory",
  "pk": 119
},
{
  "fields": {
    "timestamp": "2015-03-21T13:05:09.736Z",
    "price": 400.0,
    "user": 1,
    "actor": 4
  },
  "model": "pgameapp.actorprocurementhistory",
  "pk": 120
},
{
  "fields": {
    "timestamp": "2015-03-21T13:05:10.981Z",
    "price": 500.0,
    "user": 1,
    "actor": 5
  },
  "model": "pgameapp.actorprocurementhistory",
  "pk": 121
},
{
  "fields": {
    "timestamp": "2015-03-21T13:05:32.038Z",
    "price": 300.0,
    "user": 1,
    "actor": 3
  },
  "model": "pgameapp.actorprocurementhistory",
  "pk": 122
},
{
  "fields": {
    "timestamp": "2015-03-21T13:05:33.235Z",
    "price": 400.0,
    "user": 1,
    "actor": 4
  },
  "model": "pgameapp.actorprocurementhistory",
  "pk": 123
},
{
  "fields": {
    "timestamp": "2015-03-21T13:05:34.201Z",
    "price": 500.0,
    "user": 1,
    "actor": 5
  },
  "model": "pgameapp.actorprocurementhistory",
  "pk": 124
},
{
  "fields": {
    "timestamp": "2015-03-21T13:05:35.233Z",
    "price": 200.0,
    "user": 1,
    "actor": 2
  },
  "model": "pgameapp.actorprocurementhistory",
  "pk": 125
},
{
  "fields": {
    "timestamp": "2015-03-21T13:05:36.244Z",
    "price": 100.0,
    "user": 1,
    "actor": 1
  },
  "model": "pgameapp.actorprocurementhistory",
  "pk": 126
},
{
  "fields": {
    "timestamp": "2015-03-21T13:05:37.256Z",
    "price": 400.0,
    "user": 1,
    "actor": 4
  },
  "model": "pgameapp.actorprocurementhistory",
  "pk": 127
},
{
  "fields": {
    "timestamp": "2015-03-21T13:05:38.366Z",
    "price": 300.0,
    "user": 1,
    "actor": 3
  },
  "model": "pgameapp.actorprocurementhistory",
  "pk": 128
},
{
  "fields": {
    "timestamp": "2015-03-21T13:05:39.505Z",
    "price": 500.0,
    "user": 1,
    "actor": 5
  },
  "model": "pgameapp.actorprocurementhistory",
  "pk": 129
},
{
  "fields": {
    "timestamp": "2015-03-21T13:05:40.632Z",
    "price": 200.0,
    "user": 1,
    "actor": 2
  },
  "model": "pgameapp.actorprocurementhistory",
  "pk": 130
},
{
  "fields": {
    "timestamp": "2015-03-21T13:05:41.691Z",
    "price": 100.0,
    "user": 1,
    "actor": 1
  },
  "model": "pgameapp.actorprocurementhistory",
  "pk": 131
},
{
  "fields": {
    "timestamp": "2015-03-21T13:05:42.720Z",
    "price": 200.0,
    "user": 1,
    "actor": 2
  },
  "model": "pgameapp.actorprocurementhistory",
  "pk": 132
},
{
  "fields": {
    "timestamp": "2015-03-21T13:05:43.921Z",
    "price": 400.0,
    "user": 1,
    "actor": 4
  },
  "model": "pgameapp.actorprocurementhistory",
  "pk": 133
},
{
  "fields": {
    "timestamp": "2015-03-21T13:05:44.987Z",
    "price": 500.0,
    "user": 1,
    "actor": 5
  },
  "model": "pgameapp.actorprocurementhistory",
  "pk": 134
},
{
  "fields": {
    "timestamp": "2015-03-21T13:05:46.099Z",
    "price": 200.0,
    "user": 1,
    "actor": 2
  },
  "model": "pgameapp.actorprocurementhistory",
  "pk": 135
},
{
  "fields": {
    "timestamp": "2015-03-21T13:05:47.218Z",
    "price": 400.0,
    "user": 1,
    "actor": 4
  },
  "model": "pgameapp.actorprocurementhistory",
  "pk": 136
},
{
  "fields": {
    "timestamp": "2015-03-21T13:05:48.340Z",
    "price": 500.0,
    "user": 1,
    "actor": 5
  },
  "model": "pgameapp.actorprocurementhistory",
  "pk": 137
},
{
  "fields": {
    "timestamp": "2015-03-21T13:05:49.406Z",
    "price": 300.0,
    "user": 1,
    "actor": 3
  },
  "model": "pgameapp.actorprocurementhistory",
  "pk": 138
},
{
  "fields": {
    "timestamp": "2015-03-21T13:05:50.526Z",
    "price": 100.0,
    "user": 1,
    "actor": 1
  },
  "model": "pgameapp.actorprocurementhistory",
  "pk": 139
},
{
  "fields": {
    "timestamp": "2015-03-21T13:05:51.894Z",
    "price": 200.0,
    "user": 1,
    "actor": 2
  },
  "model": "pgameapp.actorprocurementhistory",
  "pk": 140
},
{
  "fields": {
    "timestamp": "2015-03-21T13:05:52.813Z",
    "price": 300.0,
    "user": 1,
    "actor": 3
  },
  "model": "pgameapp.actorprocurementhistory",
  "pk": 141
},
{
  "fields": {
    "timestamp": "2015-03-21T13:05:54.016Z",
    "price": 500.0,
    "user": 1,
    "actor": 5
  },
  "model": "pgameapp.actorprocurementhistory",
  "pk": 142
},
{
  "fields": {
    "timestamp": "2015-03-21T13:05:56.637Z",
    "price": 300.0,
    "user": 1,
    "actor": 3
  },
  "model": "pgameapp.actorprocurementhistory",
  "pk": 143
},
{
  "fields": {
    "timestamp": "2015-03-21T13:06:06.335Z",
    "price": 100.0,
    "user": 1,
    "actor": 1
  },
  "model": "pgameapp.actorprocurementhistory",
  "pk": 144
},
{
  "fields": {
    "timestamp": "2015-03-21T13:06:07.812Z",
    "price": 100.0,
    "user": 1,
    "actor": 1
  },
  "model": "pgameapp.actorprocurementhistory",
  "pk": 145
},
{
  "fields": {
    "timestamp": "2015-03-21T13:06:09.057Z",
    "price": 300.0,
    "user": 1,
    "actor": 3
  },
  "model": "pgameapp.actorprocurementhistory",
  "pk": 146
},
{
  "fields": {
    "timestamp": "2015-03-21T13:06:10.150Z",
    "price": 500.0,
    "user": 1,
    "actor": 5
  },
  "model": "pgameapp.actorprocurementhistory",
  "pk": 147
},
{
  "fields": {
    "timestamp": "2015-03-21T13:06:11.328Z",
    "price": 400.0,
    "user": 1,
    "actor": 4
  },
  "model": "pgameapp.actorprocurementhistory",
  "pk": 148
},
{
  "fields": {
    "timestamp": "2015-03-21T13:06:12.654Z",
    "price": 200.0,
    "user": 1,
    "actor": 2
  },
  "model": "pgameapp.actorprocurementhistory",
  "pk": 149
},
{
  "fields": {
    "timestamp": "2015-03-21T13:06:13.975Z",
    "price": 100.0,
    "user": 1,
    "actor": 1
  },
  "model": "pgameapp.actorprocurementhistory",
  "pk": 150
},
{
  "fields": {
    "timestamp": "2015-03-21T13:06:18.713Z",
    "price": 300.0,
    "user": 1,
    "actor": 3
  },
  "model": "pgameapp.actorprocurementhistory",
  "pk": 151
},
{
  "fields": {
    "timestamp": "2015-03-21T13:06:19.612Z",
    "price": 400.0,
    "user": 1,
    "actor": 4
  },
  "model": "pgameapp.actorprocurementhistory",
  "pk": 152
},
{
  "fields": {
    "timestamp": "2015-03-21T13:06:20.824Z",
    "price": 500.0,
    "user": 1,
    "actor": 5
  },
  "model": "pgameapp.actorprocurementhistory",
  "pk": 153
},
{
  "fields": {
    "timestamp": "2015-03-21T13:06:22.175Z",
    "price": 100.0,
    "user": 1,
    "actor": 1
  },
  "model": "pgameapp.actorprocurementhistory",
  "pk": 154
},
{
  "fields": {
    "timestamp": "2015-03-21T13:06:23.260Z",
    "price": 200.0,
    "user": 1,
    "actor": 2
  },
  "model": "pgameapp.actorprocurementhistory",
  "pk": 155
},
{
  "fields": {
    "timestamp": "2015-03-21T13:06:24.380Z",
    "price": 400.0,
    "user": 1,
    "actor": 4
  },
  "model": "pgameapp.actorprocurementhistory",
  "pk": 156
},
{
  "fields": {
    "timestamp": "2015-03-21T16:39:17.789Z",
    "price": 100.0,
    "user": 1,
    "actor": 1
  },
  "model": "pgameapp.actorprocurementhistory",
  "pk": 173
},
{
  "fields": {
    "timestamp": "2015-03-21T16:39:21.288Z",
    "price": 100.0,
    "user": 1,
    "actor": 1
  },
  "model": "pgameapp.actorprocurementhistory",
  "pk": 174
},
{
  "fields": {
    "timestamp": "2015-03-21T16:39:22.721Z",
    "price": 200.0,
    "user": 1,
    "actor": 2
  },
  "model": "pgameapp.actorprocurementhistory",
  "pk": 175
},
{
  "fields": {
    "timestamp": "2015-03-21T16:39:23.492Z",
    "price": 400.0,
    "user": 1,
    "actor": 4
  },
  "model": "pgameapp.actorprocurementhistory",
  "pk": 176
},
{
  "fields": {
    "timestamp": "2015-03-23T13:29:48.569Z",
    "price": 100.0,
    "user": 1,
    "actor": 1
  },
  "model": "pgameapp.actorprocurementhistory",
  "pk": 177
},
{
  "fields": {
    "timestamp": "2015-03-23T13:29:49.912Z",
    "price": 100.0,
    "user": 1,
    "actor": 1
  },
  "model": "pgameapp.actorprocurementhistory",
  "pk": 178
},
{
  "fields": {
    "timestamp": "2015-03-23T13:29:51.412Z",
    "price": 100.0,
    "user": 1,
    "actor": 1
  },
  "model": "pgameapp.actorprocurementhistory",
  "pk": 179
},
{
  "fields": {
    "timestamp": "2015-03-23T13:29:52.708Z",
    "price": 100.0,
    "user": 1,
    "actor": 1
  },
  "model": "pgameapp.actorprocurementhistory",
  "pk": 180
},
{
  "fields": {
    "timestamp": "2015-03-23T13:29:53.983Z",
    "price": 100.0,
    "user": 1,
    "actor": 1
  },
  "model": "pgameapp.actorprocurementhistory",
  "pk": 181
},
{
  "fields": {
    "timestamp": "2015-03-23T13:29:55.150Z",
    "price": 100.0,
    "user": 1,
    "actor": 1
  },
  "model": "pgameapp.actorprocurementhistory",
  "pk": 182
},
{
  "fields": {
    "timestamp": "2015-03-23T13:29:57.053Z",
    "price": 200.0,
    "user": 1,
    "actor": 2
  },
  "model": "pgameapp.actorprocurementhistory",
  "pk": 183
},
{
  "fields": {
    "timestamp": "2015-03-23T13:29:58.657Z",
    "price": 300.0,
    "user": 1,
    "actor": 3
  },
  "model": "pgameapp.actorprocurementhistory",
  "pk": 184
},
{
  "fields": {
    "timestamp": "2015-03-23T13:30:00.607Z",
    "price": 300.0,
    "user": 1,
    "actor": 3
  },
  "model": "pgameapp.actorprocurementhistory",
  "pk": 185
},
{
  "fields": {
    "timestamp": "2015-03-23T13:30:09.892Z",
    "price": 400.0,
    "user": 1,
    "actor": 4
  },
  "model": "pgameapp.actorprocurementhistory",
  "pk": 186
},
{
  "fields": {
    "timestamp": "2015-03-23T13:30:11.006Z",
    "price": 400.0,
    "user": 1,
    "actor": 4
  },
  "model": "pgameapp.actorprocurementhistory",
  "pk": 187
},
{
  "fields": {
    "timestamp": "2015-03-23T13:30:12.008Z",
    "price": 400.0,
    "user": 1,
    "actor": 4
  },
  "model": "pgameapp.actorprocurementhistory",
  "pk": 188
},
{
  "fields": {
    "timestamp": "2015-03-23T13:30:13.252Z",
    "price": 400.0,
    "user": 1,
    "actor": 4
  },
  "model": "pgameapp.actorprocurementhistory",
  "pk": 189
},
{
  "fields": {
    "timestamp": "2015-03-23T13:30:16.746Z",
    "price": 500.0,
    "user": 1,
    "actor": 5
  },
  "model": "pgameapp.actorprocurementhistory",
  "pk": 190
},
{
  "fields": {
    "timestamp": "2015-03-23T13:30:17.728Z",
    "price": 300.0,
    "user": 1,
    "actor": 3
  },
  "model": "pgameapp.actorprocurementhistory",
  "pk": 191
},
{
  "fields": {
    "timestamp": "2015-03-23T19:07:41.212Z",
    "price": 400.0,
    "user": 1,
    "actor": 4
  },
  "model": "pgameapp.actorprocurementhistory",
  "pk": 192
},
{
  "fields": {
    "timestamp": "2015-03-23T20:02:04.422Z",
    "price": 400.0,
    "user": 1,
    "actor": 4
  },
  "model": "pgameapp.actorprocurementhistory",
  "pk": 193
},
{
  "fields": {
    "timestamp": "2015-03-23T20:02:06.031Z",
    "price": 400.0,
    "user": 1,
    "actor": 4
  },
  "model": "pgameapp.actorprocurementhistory",
  "pk": 194
},
{
  "fields": {
    "timestamp": "2015-03-23T20:02:07.550Z",
    "price": 400.0,
    "user": 1,
    "actor": 4
  },
  "model": "pgameapp.actorprocurementhistory",
  "pk": 195
},
{
  "fields": {
    "timestamp": "2015-03-23T20:09:21.382Z",
    "price": 400.0,
    "user": 1,
    "actor": 4
  },
  "model": "pgameapp.actorprocurementhistory",
  "pk": 196
},
{
  "fields": {
    "timestamp": "2015-03-23T20:09:22.825Z",
    "price": 300.0,
    "user": 1,
    "actor": 3
  },
  "model": "pgameapp.actorprocurementhistory",
  "pk": 197
},
{
  "fields": {
    "timestamp": "2015-03-21T13:23:03.628Z",
    "coins": 345000.0,
    "user": 1,
    "game_currency": 3450.0
  },
  "model": "pgameapp.coinconversionhistory",
  "pk": 1
},
{
  "fields": {
    "timestamp": "2015-03-21T16:26:48.023Z",
    "coins": 150.0,
    "user": 1,
    "game_currency": 1.5
  },
  "model": "pgameapp.coinconversionhistory",
  "pk": 3
},
{
  "fields": {
    "timestamp": "2015-03-21T16:26:57.503Z",
    "coins": 150.0,
    "user": 1,
    "game_currency": 1.5
  },
  "model": "pgameapp.coinconversionhistory",
  "pk": 4
},
{
  "fields": {
    "timestamp": "2015-03-21T16:27:02.075Z",
    "coins": 300.0,
    "user": 1,
    "game_currency": 3.0
  },
  "model": "pgameapp.coinconversionhistory",
  "pk": 5
},
{
  "fields": {
    "timestamp": "2015-03-21T16:28:27.669Z",
    "coins": 500.0,
    "user": 1,
    "game_currency": 5.0
  },
  "model": "pgameapp.coinconversionhistory",
  "pk": 6
},
{
  "fields": {
    "timestamp": "2015-03-23T13:29:32.816Z",
    "coins": 19508400.0,
    "user": 1,
    "game_currency": 195084.0
  },
  "model": "pgameapp.coinconversionhistory",
  "pk": 7
},
{
  "fields": {
    "timestamp": "2015-03-23T20:09:34.875Z",
    "coins": 7196800.0,
    "user": 1,
    "game_currency": 71968.0
  },
  "model": "pgameapp.coinconversionhistory",
  "pk": 8
},
{
  "fields": {
    "action_flag": 1,
    "action_time": "2015-03-21T12:10:35.346Z",
    "object_repr": "Cat 1",
    "object_id": "1",
    "change_message": "",
    "user": 1,
    "content_type": 19
  },
  "model": "admin.logentry",
  "pk": 1
},
{
  "fields": {
    "action_flag": 1,
    "action_time": "2015-03-21T12:10:42.924Z",
    "object_repr": "Cat 2",
    "object_id": "2",
    "change_message": "",
    "user": 1,
    "content_type": 19
  },
  "model": "admin.logentry",
  "pk": 2
},
{
  "fields": {
    "action_flag": 1,
    "action_time": "2015-03-21T12:10:50.476Z",
    "object_repr": "Cat 3",
    "object_id": "3",
    "change_message": "",
    "user": 1,
    "content_type": 19
  },
  "model": "admin.logentry",
  "pk": 3
},
{
  "fields": {
    "action_flag": 1,
    "action_time": "2015-03-21T12:10:58.705Z",
    "object_repr": "Cat 4",
    "object_id": "4",
    "change_message": "",
    "user": 1,
    "content_type": 19
  },
  "model": "admin.logentry",
  "pk": 4
},
{
  "fields": {
    "action_flag": 1,
    "action_time": "2015-03-21T12:11:08.734Z",
    "object_repr": "Cat 5",
    "object_id": "5",
    "change_message": "",
    "user": 1,
    "content_type": 19
  },
  "model": "admin.logentry",
  "pk": 5
},
{
  "fields": {
    "action_flag": 2,
    "action_time": "2015-03-21T12:11:42.797Z",
    "object_repr": "admin@admin.com",
    "object_id": "1",
    "change_message": "Changed pin, balance_i, balance_w, balance_coins and referral_id.",
    "user": 1,
    "content_type": 17
  },
  "model": "admin.logentry",
  "pk": 6
},
{
  "fields": {
    "action_flag": 2,
    "action_time": "2015-03-21T12:12:10.464Z",
    "object_repr": "Game Configuration",
    "object_id": "1",
    "change_message": "Changed coin_to_gc_rate.",
    "user": 1,
    "content_type": 24
  },
  "model": "admin.logentry",
  "pk": 7
},
{
  "fields": {
    "action_flag": 2,
    "action_time": "2015-03-21T12:58:28.684Z",
    "object_repr": "admin@admin.com",
    "object_id": "1",
    "change_message": "Changed balance_i.",
    "user": 1,
    "content_type": 17
  },
  "model": "admin.logentry",
  "pk": 8
},
{
  "fields": {
    "action_flag": 3,
    "action_time": "2015-03-21T13:03:54.714Z",
    "object_repr": "UA <admin@admin.com> <Cat 5>",
    "object_id": "5",
    "change_message": "",
    "user": 1,
    "content_type": 18
  },
  "model": "admin.logentry",
  "pk": 9
},
{
  "fields": {
    "action_flag": 3,
    "action_time": "2015-03-21T13:03:54.735Z",
    "object_repr": "UA <admin@admin.com> <Cat 4>",
    "object_id": "4",
    "change_message": "",
    "user": 1,
    "content_type": 18
  },
  "model": "admin.logentry",
  "pk": 10
},
{
  "fields": {
    "action_flag": 3,
    "action_time": "2015-03-21T13:03:54.755Z",
    "object_repr": "UA <admin@admin.com> <Cat 3>",
    "object_id": "3",
    "change_message": "",
    "user": 1,
    "content_type": 18
  },
  "model": "admin.logentry",
  "pk": 11
},
{
  "fields": {
    "action_flag": 3,
    "action_time": "2015-03-21T13:03:54.775Z",
    "object_repr": "UA <admin@admin.com> <Cat 2>",
    "object_id": "2",
    "change_message": "",
    "user": 1,
    "content_type": 18
  },
  "model": "admin.logentry",
  "pk": 12
},
{
  "fields": {
    "action_flag": 3,
    "action_time": "2015-03-21T13:03:54.797Z",
    "object_repr": "UA <admin@admin.com> <Cat 1>",
    "object_id": "1",
    "change_message": "",
    "user": 1,
    "content_type": 18
  },
  "model": "admin.logentry",
  "pk": 13
},
{
  "fields": {
    "action_flag": 2,
    "action_time": "2015-03-21T16:08:44.232Z",
    "object_repr": "teodor.yantchev@gmail.com",
    "object_id": "2",
    "change_message": "Changed balance_i, balance_w, balance_coins and referral_id.",
    "user": 1,
    "content_type": 17
  },
  "model": "admin.logentry",
  "pk": 14
},
{
  "fields": {
    "action_flag": 2,
    "action_time": "2015-03-21T16:14:42.535Z",
    "object_repr": "Game Configuration",
    "object_id": "1",
    "change_message": "Changed coin_collect_time.",
    "user": 1,
    "content_type": 24
  },
  "model": "admin.logentry",
  "pk": 15
},
{
  "fields": {
    "action_flag": 2,
    "action_time": "2015-03-21T16:21:02.026Z",
    "object_repr": "Game Configuration",
    "object_id": "1",
    "change_message": "Changed game_currency.",
    "user": 1,
    "content_type": 24
  },
  "model": "admin.logentry",
  "pk": 16
},
{
  "fields": {
    "action_flag": 2,
    "action_time": "2015-03-21T16:24:10.114Z",
    "object_repr": "Cat 1",
    "object_id": "1",
    "change_message": "Changed is_active.",
    "user": 1,
    "content_type": 19
  },
  "model": "admin.logentry",
  "pk": 17
},
{
  "fields": {
    "action_flag": 2,
    "action_time": "2015-03-21T16:24:27.028Z",
    "object_repr": "Cat 1",
    "object_id": "1",
    "change_message": "Changed is_active.",
    "user": 1,
    "content_type": 19
  },
  "model": "admin.logentry",
  "pk": 18
},
{
  "fields": {
    "action_flag": 2,
    "action_time": "2015-03-21T16:24:33.623Z",
    "object_repr": "Cat 5 hui",
    "object_id": "5",
    "change_message": "Changed name.",
    "user": 1,
    "content_type": 19
  },
  "model": "admin.logentry",
  "pk": 19
},
{
  "fields": {
    "action_flag": 2,
    "action_time": "2015-03-21T16:26:36.058Z",
    "object_repr": "admin@admin.com",
    "object_id": "1",
    "change_message": "Changed balance_coins.",
    "user": 1,
    "content_type": 17
  },
  "model": "admin.logentry",
  "pk": 20
},
{
  "fields": {
    "action_flag": 3,
    "action_time": "2015-03-22T21:18:31.274Z",
    "object_repr": "teodor.yantchev+3@gmail.com (teodor.yantchev+3@gmail.com)",
    "object_id": "5",
    "change_message": "",
    "user": 1,
    "content_type": 10
  },
  "model": "admin.logentry",
  "pk": 21
},
{
  "fields": {
    "action_flag": 3,
    "action_time": "2015-03-22T21:18:31.371Z",
    "object_repr": "teodor.yantchev+2@gmail.com (teodor.yantchev+2@gmail.com)",
    "object_id": "4",
    "change_message": "",
    "user": 1,
    "content_type": 10
  },
  "model": "admin.logentry",
  "pk": 22
},
{
  "fields": {
    "action_flag": 3,
    "action_time": "2015-03-22T21:18:31.481Z",
    "object_repr": "teodor.yantchev+1@gmail.com (teodor.yantchev+1@gmail.com)",
    "object_id": "3",
    "change_message": "",
    "user": 1,
    "content_type": 10
  },
  "model": "admin.logentry",
  "pk": 23
},
{
  "fields": {
    "action_flag": 3,
    "action_time": "2015-03-22T21:18:31.580Z",
    "object_repr": "teodor.yantchev@gmail.com (teodor.yantchev@gmail.com)",
    "object_id": "2",
    "change_message": "",
    "user": 1,
    "content_type": 10
  },
  "model": "admin.logentry",
  "pk": 24
},
{
  "fields": {
    "action_flag": 3,
    "action_time": "2015-03-22T21:18:48.512Z",
    "object_repr": "teodor.yantchev+3@gmail.com",
    "object_id": "5",
    "change_message": "",
    "user": 1,
    "content_type": 7
  },
  "model": "admin.logentry",
  "pk": 25
},
{
  "fields": {
    "action_flag": 3,
    "action_time": "2015-03-22T21:18:48.617Z",
    "object_repr": "teodor.yantchev+2@gmail.com",
    "object_id": "4",
    "change_message": "",
    "user": 1,
    "content_type": 7
  },
  "model": "admin.logentry",
  "pk": 26
},
{
  "fields": {
    "action_flag": 3,
    "action_time": "2015-03-22T21:18:48.729Z",
    "object_repr": "teodor.yantchev+1@gmail.com",
    "object_id": "3",
    "change_message": "",
    "user": 1,
    "content_type": 7
  },
  "model": "admin.logentry",
  "pk": 27
},
{
  "fields": {
    "action_flag": 3,
    "action_time": "2015-03-22T21:18:48.862Z",
    "object_repr": "teodor.yantchev@gmail.com",
    "object_id": "2",
    "change_message": "",
    "user": 1,
    "content_type": 7
  },
  "model": "admin.logentry",
  "pk": 28
},
{
  "fields": {
    "action_flag": 3,
    "action_time": "2015-03-22T21:19:38.518Z",
    "object_repr": "teodor.yantchev+1@gmail.com",
    "object_id": "3",
    "change_message": "",
    "user": 1,
    "content_type": 6
  },
  "model": "admin.logentry",
  "pk": 29
},
{
  "fields": {
    "action_flag": 3,
    "action_time": "2015-03-22T21:19:38.653Z",
    "object_repr": "teodor.yantchev+2@gmail.com",
    "object_id": "4",
    "change_message": "",
    "user": 1,
    "content_type": 6
  },
  "model": "admin.logentry",
  "pk": 30
},
{
  "fields": {
    "action_flag": 3,
    "action_time": "2015-03-22T21:19:38.780Z",
    "object_repr": "teodor.yantchev+3@gmail.com",
    "object_id": "5",
    "change_message": "",
    "user": 1,
    "content_type": 6
  },
  "model": "admin.logentry",
  "pk": 31
},
{
  "fields": {
    "action_flag": 3,
    "action_time": "2015-03-22T21:19:38.903Z",
    "object_repr": "teodor.yantchev@gmail.com",
    "object_id": "2",
    "change_message": "",
    "user": 1,
    "content_type": 6
  },
  "model": "admin.logentry",
  "pk": 32
},
{
  "fields": {
    "action_flag": 3,
    "action_time": "2015-03-22T21:49:32.900Z",
    "object_repr": "teodor.yantchev+1@gmail.com",
    "object_id": "7",
    "change_message": "",
    "user": 1,
    "content_type": 6
  },
  "model": "admin.logentry",
  "pk": 33
},
{
  "fields": {
    "action_flag": 3,
    "action_time": "2015-03-22T21:49:32.919Z",
    "object_repr": "teodor.yantchev@gmail.com",
    "object_id": "6",
    "change_message": "",
    "user": 1,
    "content_type": 6
  },
  "model": "admin.logentry",
  "pk": 34
},
{
  "fields": {
    "action_flag": 2,
    "action_time": "2015-03-22T21:50:41.524Z",
    "object_repr": "admin@admin.com",
    "object_id": "1",
    "change_message": "Changed balance_w and referral_id.",
    "user": 1,
    "content_type": 17
  },
  "model": "admin.logentry",
  "pk": 35
},
{
  "fields": {
    "action_flag": 1,
    "action_time": "2015-03-22T22:40:42.914Z",
    "object_repr": "admin@admin.com",
    "object_id": "1",
    "change_message": "",
    "user": 1,
    "content_type": 17
  },
  "model": "admin.logentry",
  "pk": 36
},
{
  "fields": {
    "action_flag": 2,
    "action_time": "2015-03-22T22:40:55.092Z",
    "object_repr": "admin@admin.com",
    "object_id": "1",
    "change_message": "Changed balance_i, balance_w and balance_coins.",
    "user": 1,
    "content_type": 17
  },
  "model": "admin.logentry",
  "pk": 37
},
{
  "fields": {
    "action_flag": 2,
    "action_time": "2015-03-22T23:10:51.850Z",
    "object_repr": "admin@admin.com",
    "object_id": "1",
    "change_message": "Changed referral_id.",
    "user": 1,
    "content_type": 17
  },
  "model": "admin.logentry",
  "pk": 38
},
{
  "fields": {
    "action_flag": 3,
    "action_time": "2015-03-22T23:28:35.884Z",
    "object_repr": "teodor.yantchev+1@gmail.com",
    "object_id": "9",
    "change_message": "",
    "user": 1,
    "content_type": 6
  },
  "model": "admin.logentry",
  "pk": 39
},
{
  "fields": {
    "action_flag": 3,
    "action_time": "2015-03-22T23:28:35.983Z",
    "object_repr": "teodor.yantchev+2@gmail.com",
    "object_id": "10",
    "change_message": "",
    "user": 1,
    "content_type": 6
  },
  "model": "admin.logentry",
  "pk": 40
},
{
  "fields": {
    "action_flag": 3,
    "action_time": "2015-03-22T23:28:36.086Z",
    "object_repr": "teodor.yantchev+3@gmail.com",
    "object_id": "11",
    "change_message": "",
    "user": 1,
    "content_type": 6
  },
  "model": "admin.logentry",
  "pk": 41
},
{
  "fields": {
    "action_flag": 3,
    "action_time": "2015-03-22T23:28:36.186Z",
    "object_repr": "teodor.yantchev+4@gmail.com",
    "object_id": "12",
    "change_message": "",
    "user": 1,
    "content_type": 6
  },
  "model": "admin.logentry",
  "pk": 42
},
{
  "fields": {
    "action_flag": 3,
    "action_time": "2015-03-22T23:28:36.289Z",
    "object_repr": "teodor.yantchev@gmail.com",
    "object_id": "8",
    "change_message": "",
    "user": 1,
    "content_type": 6
  },
  "model": "admin.logentry",
  "pk": 43
},
{
  "fields": {
    "action_flag": 3,
    "action_time": "2015-03-22T23:34:21.567Z",
    "object_repr": "teodor.yantchev@gmail.com",
    "object_id": "13",
    "change_message": "",
    "user": 1,
    "content_type": 6
  },
  "model": "admin.logentry",
  "pk": 44
},
{
  "fields": {
    "action_flag": 3,
    "action_time": "2015-03-22T23:38:56.378Z",
    "object_repr": "teodor.yantchev@gmail.com",
    "object_id": "14",
    "change_message": "",
    "user": 1,
    "content_type": 6
  },
  "model": "admin.logentry",
  "pk": 45
},
{
  "fields": {
    "action_flag": 3,
    "action_time": "2015-03-22T23:41:18.673Z",
    "object_repr": "teodor.yantchev@gmail.com",
    "object_id": "15",
    "change_message": "",
    "user": 1,
    "content_type": 6
  },
  "model": "admin.logentry",
  "pk": 46
},
{
  "fields": {
    "action_flag": 3,
    "action_time": "2015-03-23T00:16:19.961Z",
    "object_repr": "teodor.yantchev+3@gmail.com",
    "object_id": "17",
    "change_message": "",
    "user": 1,
    "content_type": 6
  },
  "model": "admin.logentry",
  "pk": 47
},
{
  "fields": {
    "action_flag": 3,
    "action_time": "2015-03-23T00:16:20.064Z",
    "object_repr": "teodor.yantchev+4@gmail.com",
    "object_id": "18",
    "change_message": "",
    "user": 1,
    "content_type": 6
  },
  "model": "admin.logentry",
  "pk": 48
},
{
  "fields": {
    "action_flag": 1,
    "action_time": "2015-03-23T10:05:27.524Z",
    "object_repr": "UA <teodor.yantchev@gmail.com> <Cat 1>",
    "object_id": "16",
    "change_message": "",
    "user": 1,
    "content_type": 18
  },
  "model": "admin.logentry",
  "pk": 49
},
{
  "fields": {
    "action_flag": 1,
    "action_time": "2015-03-23T10:05:34.404Z",
    "object_repr": "UA <teodor.yantchev@gmail.com> <Cat 2>",
    "object_id": "17",
    "change_message": "",
    "user": 1,
    "content_type": 18
  },
  "model": "admin.logentry",
  "pk": 50
},
{
  "fields": {
    "action_flag": 1,
    "action_time": "2015-03-23T10:05:40.534Z",
    "object_repr": "UA <teodor.yantchev@gmail.com> <Cat 3>",
    "object_id": "18",
    "change_message": "",
    "user": 1,
    "content_type": 18
  },
  "model": "admin.logentry",
  "pk": 51
},
{
  "fields": {
    "action_flag": 1,
    "action_time": "2015-03-23T10:05:47.047Z",
    "object_repr": "UA <teodor.yantchev@gmail.com> <Cat 5 hui>",
    "object_id": "19",
    "change_message": "",
    "user": 1,
    "content_type": 18
  },
  "model": "admin.logentry",
  "pk": 52
},
{
  "fields": {
    "action_flag": 1,
    "action_time": "2015-03-23T15:30:12.076Z",
    "object_repr": "UA <teodor.yantchev@gmail.com> <Cat 4>",
    "object_id": "20",
    "change_message": "",
    "user": 1,
    "content_type": 18
  },
  "model": "admin.logentry",
  "pk": 53
},
{
  "fields": {
    "action_flag": 3,
    "action_time": "2015-03-23T15:44:36.842Z",
    "object_repr": "UA <admin@admin.com> <Cat 4>",
    "object_id": "9",
    "change_message": "",
    "user": 1,
    "content_type": 18
  },
  "model": "admin.logentry",
  "pk": 54
},
{
  "fields": {
    "action_flag": 1,
    "action_time": "2015-03-23T15:45:00.233Z",
    "object_repr": "UA <admin@admin.com> <Cat 4>",
    "object_id": "21",
    "change_message": "",
    "user": 1,
    "content_type": 18
  },
  "model": "admin.logentry",
  "pk": 55
},
{
  "fields": {
    "action_flag": 3,
    "action_time": "2015-03-23T20:52:22.111Z",
    "object_repr": "test@test.com",
    "object_id": "21",
    "change_message": "",
    "user": 1,
    "content_type": 17
  },
  "model": "admin.logentry",
  "pk": 56
},
{
  "fields": {
    "action_flag": 3,
    "action_time": "2015-03-23T21:01:08.008Z",
    "object_repr": "test@test.com",
    "object_id": "21",
    "change_message": "",
    "user": 1,
    "content_type": 6
  },
  "model": "admin.logentry",
  "pk": 57
}
]
